Fault,displacement
Fault_2997,90.48575714705343
Fault_3496,84.0
Fault_3498,98.01101917761947
Fault_7439,84.4739703254439
Fault_12647,88.47256501865093
Fault_12658,34.0
